kind,concept_id,style,from,to,occurrences
brand,brand.primary,title_hyphen_plus,Rho-Bank+,Kestrel-Union+,59
brand,brand.primary,mixed_hyphen_plus,Rho-bank+,Kestrel-union+,2
brand,brand.primary,upper_hyphen,RHO-BANK,KESTREL-UNION,103
brand,brand.primary,literal,Rho Bank,Kestrel Union,4
brand,brand.primary,title_hyphen,Rho-Bank,Kestrel-Union,490
brand,brand.primary,lower_hyphen,rho-bank,kestrel-union,1
brand,brand.primary,upperconcat,RHOBANK,KESTRELUNION,1
brand,brand.primary,lowerconcat,rhobank,kestrelunion,10
brand,brand.primary,upper_first,RHO,KESTREL,56
brand,brand.primary,title_first,Rho,Kestrel,87
product,product.beige,literal,Beige,Bracken,25
product,product.blue_account,upper_space,BLUE ACCOUNT,LAUREL ACCOUNT,16
product,product.blue_account,literal,Blue Account,Laurel Account,205
product,product.blue_account,lower_space,blue account,laurel account,1
product,product.bluest_account,upper_space,BLUEST ACCOUNT,POPLAR ACCOUNT,6
product,product.bluest_account,literal,Bluest Account,Poplar Account,33
product,product.bluest_account,lower_space,bluest account,poplar account,1
product,product.bnpl_bronze,literal,BNPL Bronze,BNPL Slate,23
product,product.bnpl_diamond,literal,BNPL Diamond,BNPL Beryl,14
product,product.bnpl_gold,literal,BNPL Gold,BNPL Zircon,18
product,product.bnpl_platinum,literal,BNPL Platinum,BNPL Basalt,16
product,product.bnpl_silver,literal,BNPL Silver,BNPL Granite,18
product,product.bronze_account,literal,Bronze Account,Slate Account,23
product,product.bronze_rewards_card,literal,Bronze Rewards Card,Slate Rewards Card,71
product,product.bronze_saver_account,literal,Bronze Saver Account,Slate Saver Account,11
product,product.business_bronze_rewards_card,literal,Business Bronze Rewards Card,Business Slate Rewards Card,32
product,product.business_gold_rewards_card,upper_space,BUSINESS GOLD REWARDS CARD,BUSINESS ZIRCON REWARDS CARD,4
product,product.business_gold_rewards_card,literal,Business Gold Rewards Card,Business Zircon Rewards Card,77
product,product.business_platinum_rewards_card,literal,Business Platinum Rewards Card,Business Basalt Rewards Card,99
product,product.business_silver_rewards_card,literal,Business Silver Rewards Card,Business Granite Rewards Card,103
product,product.cobalt_blue,literal,Cobalt Blue,Cobalt Laurel,59
product,product.crypto-cash_back,literal,Crypto-Cash Back,Curlew Back,97
product,product.dark_green_account,upper_space,DARK GREEN ACCOUNT,DARK ALDER ACCOUNT,4
product,product.dark_green_account,literal,Dark Green Account,Dark Alder Account,38
product,product.dark_green_account,lower_space,dark green account,dark alder account,1
product,product.diamond_elite_account,literal,Diamond Elite Account,Beryl Elite Account,21
product,product.diamond_elite_card,literal,Diamond Elite Card,Beryl Elite Card,64
product,product.diamond_vault,literal,Diamond Vault,Beryl Vault,18
product,product.ecocard,upper_space,ECOCARD,GODWIT,4
product,product.ecocard,literal,EcoCard,Godwit,243
product,product.emerald_saver,literal,Emerald Saver,Quartz Saver,24
product,product.evergreen_account,upper_space,EVERGREEN ACCOUNT,FENNEL ACCOUNT,12
product,product.evergreen_account,literal,Evergreen Account,Fennel Account,75
product,product.evergreen_account,lower_space,evergreen account,fennel account,1
product,product.gold_account,literal,Gold Account,Zircon Account,63
product,product.gold_plus_account,literal,Gold Plus Account,Zircon Plus Account,24
product,product.gold_plus_saver,literal,Gold Plus Saver,Zircon Plus Saver,19
product,product.gold_rewards_card,upper_space,GOLD REWARDS CARD,ZIRCON REWARDS CARD,4
product,product.gold_rewards_card,literal,Gold Rewards Card,Zircon Rewards Card,237
product,product.gold_rewards_card,lower_space,gold rewards card,zircon rewards card,4
product,product.gold_saver_account,literal,Gold Saver Account,Zircon Saver Account,21
product,product.gold_years_account,upper_space,GOLD YEARS ACCOUNT,ZIRCON YEARS ACCOUNT,2
product,product.gold_years_account,literal,Gold Years Account,Zircon Years Account,41
product,product.gold_years_account,lower_space,gold years account,zircon years account,1
product,product.green_account,upper_space,GREEN ACCOUNT,ALDER ACCOUNT,10
product,product.green_account,literal,Green Account,Alder Account,241
product,product.green_account,lower_space,green account,alder account,1
product,product.green_account_(checking),literal,Green Account (checking),Alder Account (checking),28
product,product.green_account_(savings),literal,Green Account (savings),Alder Account (savings),29
product,product.green_fee-free_account,literal,Green Fee-Free Account,Alder Fee-Free Account,86
product,product.green_rewards_card,literal,Green Rewards Card,Alder Rewards Card,46
product,product.green_rewards_card,lower_space,green rewards card,alder rewards card,2
product,product.hunter_green,literal,Hunter Green,Hunter Alder,75
product,product.light_blue_account,upper_space,LIGHT BLUE ACCOUNT,LIGHT LAUREL ACCOUNT,10
product,product.light_blue_account,literal,Light Blue Account,Light Laurel Account,83
product,product.light_blue_account,lower_space,light blue account,light laurel account,1
product,product.light_green_account,upper_space,LIGHT GREEN ACCOUNT,LIGHT ALDER ACCOUNT,8
product,product.light_green_account,literal,Light Green Account,Light Alder Account,74
product,product.lime_green,literal,Lime Green,Lime Alder,45
product,product.navy_blue,literal,Navy Blue,Navy Laurel,66
product,product.platinum_account,literal,Platinum Account,Basalt Account,25
product,product.platinum_plus_account,literal,Platinum Plus Account,Basalt Plus Account,20
product,product.platinum_reserve_account,literal,Platinum Reserve Account,Basalt Reserve Account,16
product,product.platinum_rewards_card,literal,Platinum Rewards Card,Basalt Rewards Card,179
product,product.purple_account,upper_space,PURPLE ACCOUNT,MAPLE ACCOUNT,6
product,product.purple_account,literal,Purple Account,Maple Account,56
product,product.purple_account,lower_space,purple account,maple account,1
product,product.rho_bank_plus,literal,Rho Bank Plus,Kestrel Union Plus,3
product,product.silver_account,literal,Silver Account,Granite Account,74
product,product.silver_plus_account,literal,Silver Plus Account,Granite Plus Account,48
product,product.silver_plus_saver,literal,Silver Plus Saver,Granite Plus Saver,35
product,product.silver_rewards_card,literal,Silver Rewards Card,Granite Rewards Card,164
product,product.silver_saver_account,literal,Silver Saver Account,Granite Saver Account,12
product,product.silver_zoom_card,literal,Silver Zoom Card,Granite Fieldfare Card,40
product,product.sky_blue,literal,Sky Blue,Sky Laurel,91
product,product.true_blue,literal,True Blue,True Laurel,32
product,product.world_blue,literal,World Blue,World Laurel,71
document,document.doc_business_checking_accounts_beige_001,literal,doc_business_checking_accounts_beige_001,doc_business_checking_accounts_bracken_001,7
document,document.doc_business_checking_accounts_beige_002,literal,doc_business_checking_accounts_beige_002,doc_business_checking_accounts_bracken_002,1
document,document.doc_business_checking_accounts_beige_003,literal,doc_business_checking_accounts_beige_003,doc_business_checking_accounts_bracken_003,1
document,document.doc_business_checking_accounts_beige_004,literal,doc_business_checking_accounts_beige_004,doc_business_checking_accounts_bracken_004,1
document,document.doc_business_checking_accounts_beige_005,literal,doc_business_checking_accounts_beige_005,doc_business_checking_accounts_bracken_005,1
document,document.doc_business_checking_accounts_beige_006,literal,doc_business_checking_accounts_beige_006,doc_business_checking_accounts_bracken_006,1
document,document.doc_business_checking_accounts_beige_007,literal,doc_business_checking_accounts_beige_007,doc_business_checking_accounts_bracken_007,1
document,document.doc_business_checking_accounts_beige_008,literal,doc_business_checking_accounts_beige_008,doc_business_checking_accounts_bracken_008,1
document,document.doc_business_checking_accounts_beige_009,literal,doc_business_checking_accounts_beige_009,doc_business_checking_accounts_bracken_009,1
document,document.doc_business_checking_accounts_beige_010,literal,doc_business_checking_accounts_beige_010,doc_business_checking_accounts_bracken_010,1
document,document.doc_business_checking_accounts_beige_011,literal,doc_business_checking_accounts_beige_011,doc_business_checking_accounts_bracken_011,1
document,document.doc_business_checking_accounts_beige_012,literal,doc_business_checking_accounts_beige_012,doc_business_checking_accounts_bracken_012,5
document,document.doc_business_checking_accounts_cobalt_blue_001,literal,doc_business_checking_accounts_cobalt_blue_001,doc_business_checking_accounts_cobalt_laurel_001,15
document,document.doc_business_checking_accounts_cobalt_blue_002,literal,doc_business_checking_accounts_cobalt_blue_002,doc_business_checking_accounts_cobalt_laurel_002,3
document,document.doc_business_checking_accounts_cobalt_blue_003,literal,doc_business_checking_accounts_cobalt_blue_003,doc_business_checking_accounts_cobalt_laurel_003,1
document,document.doc_business_checking_accounts_cobalt_blue_004,literal,doc_business_checking_accounts_cobalt_blue_004,doc_business_checking_accounts_cobalt_laurel_004,3
document,document.doc_business_checking_accounts_cobalt_blue_005,literal,doc_business_checking_accounts_cobalt_blue_005,doc_business_checking_accounts_cobalt_laurel_005,7
document,document.doc_business_checking_accounts_cobalt_blue_006,literal,doc_business_checking_accounts_cobalt_blue_006,doc_business_checking_accounts_cobalt_laurel_006,3
document,document.doc_business_checking_accounts_cobalt_blue_007,literal,doc_business_checking_accounts_cobalt_blue_007,doc_business_checking_accounts_cobalt_laurel_007,1
document,document.doc_business_checking_accounts_cobalt_blue_008,literal,doc_business_checking_accounts_cobalt_blue_008,doc_business_checking_accounts_cobalt_laurel_008,1
document,document.doc_business_checking_accounts_cobalt_blue_009,literal,doc_business_checking_accounts_cobalt_blue_009,doc_business_checking_accounts_cobalt_laurel_009,1
document,document.doc_business_checking_accounts_cobalt_blue_010,literal,doc_business_checking_accounts_cobalt_blue_010,doc_business_checking_accounts_cobalt_laurel_010,1
document,document.doc_business_checking_accounts_hunter_green_001,literal,doc_business_checking_accounts_hunter_green_001,doc_business_checking_accounts_hunter_alder_001,15
document,document.doc_business_checking_accounts_hunter_green_002,literal,doc_business_checking_accounts_hunter_green_002,doc_business_checking_accounts_hunter_alder_002,1
document,document.doc_business_checking_accounts_hunter_green_003,literal,doc_business_checking_accounts_hunter_green_003,doc_business_checking_accounts_hunter_alder_003,1
document,document.doc_business_checking_accounts_hunter_green_004,literal,doc_business_checking_accounts_hunter_green_004,doc_business_checking_accounts_hunter_alder_004,1
document,document.doc_business_checking_accounts_hunter_green_005,literal,doc_business_checking_accounts_hunter_green_005,doc_business_checking_accounts_hunter_alder_005,1
document,document.doc_business_checking_accounts_hunter_green_006,literal,doc_business_checking_accounts_hunter_green_006,doc_business_checking_accounts_hunter_alder_006,1
document,document.doc_business_checking_accounts_hunter_green_007,literal,doc_business_checking_accounts_hunter_green_007,doc_business_checking_accounts_hunter_alder_007,1
document,document.doc_business_checking_accounts_hunter_green_008,literal,doc_business_checking_accounts_hunter_green_008,doc_business_checking_accounts_hunter_alder_008,1
document,document.doc_business_checking_accounts_hunter_green_009,literal,doc_business_checking_accounts_hunter_green_009,doc_business_checking_accounts_hunter_alder_009,1
document,document.doc_business_checking_accounts_hunter_green_010,literal,doc_business_checking_accounts_hunter_green_010,doc_business_checking_accounts_hunter_alder_010,9
document,document.doc_business_checking_accounts_lime_green_001,literal,doc_business_checking_accounts_lime_green_001,doc_business_checking_accounts_lime_alder_001,11
document,document.doc_business_checking_accounts_lime_green_002,literal,doc_business_checking_accounts_lime_green_002,doc_business_checking_accounts_lime_alder_002,1
document,document.doc_business_checking_accounts_lime_green_003,literal,doc_business_checking_accounts_lime_green_003,doc_business_checking_accounts_lime_alder_003,9
document,document.doc_business_checking_accounts_lime_green_004,literal,doc_business_checking_accounts_lime_green_004,doc_business_checking_accounts_lime_alder_004,1
document,document.doc_business_checking_accounts_lime_green_005,literal,doc_business_checking_accounts_lime_green_005,doc_business_checking_accounts_lime_alder_005,1
document,document.doc_business_checking_accounts_lime_green_006,literal,doc_business_checking_accounts_lime_green_006,doc_business_checking_accounts_lime_alder_006,1
document,document.doc_business_checking_accounts_lime_green_007,literal,doc_business_checking_accounts_lime_green_007,doc_business_checking_accounts_lime_alder_007,5
document,document.doc_business_checking_accounts_lime_green_008,literal,doc_business_checking_accounts_lime_green_008,doc_business_checking_accounts_lime_alder_008,1
document,document.doc_business_checking_accounts_navy_blue_001,literal,doc_business_checking_accounts_navy_blue_001,doc_business_checking_accounts_navy_laurel_001,11
document,document.doc_business_checking_accounts_navy_blue_002,literal,doc_business_checking_accounts_navy_blue_002,doc_business_checking_accounts_navy_laurel_002,1
document,document.doc_business_checking_accounts_navy_blue_003,literal,doc_business_checking_accounts_navy_blue_003,doc_business_checking_accounts_navy_laurel_003,1
document,document.doc_business_checking_accounts_navy_blue_004,literal,doc_business_checking_accounts_navy_blue_004,doc_business_checking_accounts_navy_laurel_004,1
document,document.doc_business_checking_accounts_navy_blue_005,literal,doc_business_checking_accounts_navy_blue_005,doc_business_checking_accounts_navy_laurel_005,1
document,document.doc_business_checking_accounts_navy_blue_006,literal,doc_business_checking_accounts_navy_blue_006,doc_business_checking_accounts_navy_laurel_006,1
document,document.doc_business_checking_accounts_navy_blue_007,literal,doc_business_checking_accounts_navy_blue_007,doc_business_checking_accounts_navy_laurel_007,1
document,document.doc_business_checking_accounts_navy_blue_008,literal,doc_business_checking_accounts_navy_blue_008,doc_business_checking_accounts_navy_laurel_008,1
document,document.doc_business_checking_accounts_navy_blue_009,literal,doc_business_checking_accounts_navy_blue_009,doc_business_checking_accounts_navy_laurel_009,1
document,document.doc_business_checking_accounts_sky_blue_001,literal,doc_business_checking_accounts_sky_blue_001,doc_business_checking_accounts_sky_laurel_001,15
document,document.doc_business_checking_accounts_sky_blue_002,literal,doc_business_checking_accounts_sky_blue_002,doc_business_checking_accounts_sky_laurel_002,5
document,document.doc_business_checking_accounts_sky_blue_003,literal,doc_business_checking_accounts_sky_blue_003,doc_business_checking_accounts_sky_laurel_003,1
document,document.doc_business_checking_accounts_sky_blue_004,literal,doc_business_checking_accounts_sky_blue_004,doc_business_checking_accounts_sky_laurel_004,1
document,document.doc_business_checking_accounts_sky_blue_005,literal,doc_business_checking_accounts_sky_blue_005,doc_business_checking_accounts_sky_laurel_005,1
document,document.doc_business_checking_accounts_sky_blue_006,literal,doc_business_checking_accounts_sky_blue_006,doc_business_checking_accounts_sky_laurel_006,1
document,document.doc_business_checking_accounts_sky_blue_007,literal,doc_business_checking_accounts_sky_blue_007,doc_business_checking_accounts_sky_laurel_007,5
document,document.doc_business_checking_accounts_sky_blue_008,literal,doc_business_checking_accounts_sky_blue_008,doc_business_checking_accounts_sky_laurel_008,1
document,document.doc_business_checking_accounts_sky_blue_009,literal,doc_business_checking_accounts_sky_blue_009,doc_business_checking_accounts_sky_laurel_009,1
document,document.doc_business_checking_accounts_sky_blue_010,literal,doc_business_checking_accounts_sky_blue_010,doc_business_checking_accounts_sky_laurel_010,9
document,document.doc_business_checking_accounts_true_blue_001,literal,doc_business_checking_accounts_true_blue_001,doc_business_checking_accounts_true_laurel_001,7
document,document.doc_business_checking_accounts_true_blue_002,literal,doc_business_checking_accounts_true_blue_002,doc_business_checking_accounts_true_laurel_002,5
document,document.doc_business_checking_accounts_true_blue_003,literal,doc_business_checking_accounts_true_blue_003,doc_business_checking_accounts_true_laurel_003,1
document,document.doc_business_checking_accounts_true_blue_004,literal,doc_business_checking_accounts_true_blue_004,doc_business_checking_accounts_true_laurel_004,1
document,document.doc_business_checking_accounts_true_blue_005,literal,doc_business_checking_accounts_true_blue_005,doc_business_checking_accounts_true_laurel_005,1
document,document.doc_business_checking_accounts_true_blue_006,literal,doc_business_checking_accounts_true_blue_006,doc_business_checking_accounts_true_laurel_006,1
document,document.doc_business_checking_accounts_true_blue_007,literal,doc_business_checking_accounts_true_blue_007,doc_business_checking_accounts_true_laurel_007,1
document,document.doc_business_checking_accounts_true_blue_008,literal,doc_business_checking_accounts_true_blue_008,doc_business_checking_accounts_true_laurel_008,1
document,document.doc_business_checking_accounts_true_blue_009,literal,doc_business_checking_accounts_true_blue_009,doc_business_checking_accounts_true_laurel_009,1
document,document.doc_business_checking_accounts_true_blue_010,literal,doc_business_checking_accounts_true_blue_010,doc_business_checking_accounts_true_laurel_010,1
document,document.doc_business_checking_accounts_true_blue_011,literal,doc_business_checking_accounts_true_blue_011,doc_business_checking_accounts_true_laurel_011,1
document,document.doc_business_checking_accounts_world_blue_001,literal,doc_business_checking_accounts_world_blue_001,doc_business_checking_accounts_world_laurel_001,11
document,document.doc_business_checking_accounts_world_blue_002,literal,doc_business_checking_accounts_world_blue_002,doc_business_checking_accounts_world_laurel_002,1
document,document.doc_business_checking_accounts_world_blue_003,literal,doc_business_checking_accounts_world_blue_003,doc_business_checking_accounts_world_laurel_003,1
document,document.doc_business_checking_accounts_world_blue_004,literal,doc_business_checking_accounts_world_blue_004,doc_business_checking_accounts_world_laurel_004,1
document,document.doc_business_checking_accounts_world_blue_005,literal,doc_business_checking_accounts_world_blue_005,doc_business_checking_accounts_world_laurel_005,1
document,document.doc_business_checking_accounts_world_blue_006,literal,doc_business_checking_accounts_world_blue_006,doc_business_checking_accounts_world_laurel_006,1
document,document.doc_business_checking_accounts_world_blue_007,literal,doc_business_checking_accounts_world_blue_007,doc_business_checking_accounts_world_laurel_007,5
document,document.doc_business_checking_accounts_world_blue_008,literal,doc_business_checking_accounts_world_blue_008,doc_business_checking_accounts_world_laurel_008,1
document,document.doc_business_checking_accounts_world_blue_009,literal,doc_business_checking_accounts_world_blue_009,doc_business_checking_accounts_world_laurel_009,1
document,document.doc_business_credit_cards_business_bronze_rewards_card_001,literal,doc_business_credit_cards_business_bronze_rewards_card_001,doc_business_credit_cards_business_slate_rewards_card_001,7
document,document.doc_business_credit_cards_business_bronze_rewards_card_002,literal,doc_business_credit_cards_business_bronze_rewards_card_002,doc_business_credit_cards_business_slate_rewards_card_002,7
document,document.doc_business_credit_cards_business_bronze_rewards_card_003,literal,doc_business_credit_cards_business_bronze_rewards_card_003,doc_business_credit_cards_business_slate_rewards_card_003,3
document,document.doc_business_credit_cards_business_bronze_rewards_card_004,literal,doc_business_credit_cards_business_bronze_rewards_card_004,doc_business_credit_cards_business_slate_rewards_card_004,1
document,document.doc_business_credit_cards_business_bronze_rewards_card_005,literal,doc_business_credit_cards_business_bronze_rewards_card_005,doc_business_credit_cards_business_slate_rewards_card_005,1
document,document.doc_business_credit_cards_business_bronze_rewards_card_006,literal,doc_business_credit_cards_business_bronze_rewards_card_006,doc_business_credit_cards_business_slate_rewards_card_006,1
document,document.doc_business_credit_cards_business_bronze_rewards_card_007,literal,doc_business_credit_cards_business_bronze_rewards_card_007,doc_business_credit_cards_business_slate_rewards_card_007,1
document,document.doc_business_credit_cards_business_bronze_rewards_card_008,literal,doc_business_credit_cards_business_bronze_rewards_card_008,doc_business_credit_cards_business_slate_rewards_card_008,1
document,document.doc_business_credit_cards_business_bronze_rewards_card_009,literal,doc_business_credit_cards_business_bronze_rewards_card_009,doc_business_credit_cards_business_slate_rewards_card_009,1
document,document.doc_business_credit_cards_business_bronze_rewards_card_010,literal,doc_business_credit_cards_business_bronze_rewards_card_010,doc_business_credit_cards_business_slate_rewards_card_010,5
document,document.doc_business_credit_cards_business_bronze_rewards_card_011,literal,doc_business_credit_cards_business_bronze_rewards_card_011,doc_business_credit_cards_business_slate_rewards_card_011,1
document,document.doc_business_credit_cards_business_gold_rewards_card_001,literal,doc_business_credit_cards_business_gold_rewards_card_001,doc_business_credit_cards_business_zircon_rewards_card_001,1
document,document.doc_business_credit_cards_business_gold_rewards_card_002,literal,doc_business_credit_cards_business_gold_rewards_card_002,doc_business_credit_cards_business_zircon_rewards_card_002,1
document,document.doc_business_credit_cards_business_gold_rewards_card_003,literal,doc_business_credit_cards_business_gold_rewards_card_003,doc_business_credit_cards_business_zircon_rewards_card_003,1
document,document.doc_business_credit_cards_business_gold_rewards_card_004,literal,doc_business_credit_cards_business_gold_rewards_card_004,doc_business_credit_cards_business_zircon_rewards_card_004,1
document,document.doc_business_credit_cards_business_gold_rewards_card_005,literal,doc_business_credit_cards_business_gold_rewards_card_005,doc_business_credit_cards_business_zircon_rewards_card_005,1
document,document.doc_business_credit_cards_business_gold_rewards_card_006,literal,doc_business_credit_cards_business_gold_rewards_card_006,doc_business_credit_cards_business_zircon_rewards_card_006,1
document,document.doc_business_credit_cards_business_gold_rewards_card_007,literal,doc_business_credit_cards_business_gold_rewards_card_007,doc_business_credit_cards_business_zircon_rewards_card_007,1
document,document.doc_business_credit_cards_business_gold_rewards_card_008,literal,doc_business_credit_cards_business_gold_rewards_card_008,doc_business_credit_cards_business_zircon_rewards_card_008,1
document,document.doc_business_credit_cards_business_gold_rewards_card_009,literal,doc_business_credit_cards_business_gold_rewards_card_009,doc_business_credit_cards_business_zircon_rewards_card_009,1
document,document.doc_business_credit_cards_business_gold_rewards_card_010,literal,doc_business_credit_cards_business_gold_rewards_card_010,doc_business_credit_cards_business_zircon_rewards_card_010,3
document,document.doc_business_credit_cards_business_platinum_rewards_card_001,literal,doc_business_credit_cards_business_platinum_rewards_card_001,doc_business_credit_cards_business_basalt_rewards_card_001,15
document,document.doc_business_credit_cards_business_platinum_rewards_card_002,literal,doc_business_credit_cards_business_platinum_rewards_card_002,doc_business_credit_cards_business_basalt_rewards_card_002,15
document,document.doc_business_credit_cards_business_platinum_rewards_card_003,literal,doc_business_credit_cards_business_platinum_rewards_card_003,doc_business_credit_cards_business_basalt_rewards_card_003,1
document,document.doc_business_credit_cards_business_platinum_rewards_card_004,literal,doc_business_credit_cards_business_platinum_rewards_card_004,doc_business_credit_cards_business_basalt_rewards_card_004,1
document,document.doc_business_credit_cards_business_platinum_rewards_card_005,literal,doc_business_credit_cards_business_platinum_rewards_card_005,doc_business_credit_cards_business_basalt_rewards_card_005,1
document,document.doc_business_credit_cards_business_platinum_rewards_card_006,literal,doc_business_credit_cards_business_platinum_rewards_card_006,doc_business_credit_cards_business_basalt_rewards_card_006,1
document,document.doc_business_credit_cards_business_platinum_rewards_card_007,literal,doc_business_credit_cards_business_platinum_rewards_card_007,doc_business_credit_cards_business_basalt_rewards_card_007,1
document,document.doc_business_credit_cards_business_platinum_rewards_card_008,literal,doc_business_credit_cards_business_platinum_rewards_card_008,doc_business_credit_cards_business_basalt_rewards_card_008,7
document,document.doc_business_credit_cards_business_platinum_rewards_card_009,literal,doc_business_credit_cards_business_platinum_rewards_card_009,doc_business_credit_cards_business_basalt_rewards_card_009,1
document,document.doc_business_credit_cards_business_platinum_rewards_card_010,literal,doc_business_credit_cards_business_platinum_rewards_card_010,doc_business_credit_cards_business_basalt_rewards_card_010,1
document,document.doc_business_credit_cards_business_platinum_rewards_card_011,literal,doc_business_credit_cards_business_platinum_rewards_card_011,doc_business_credit_cards_business_basalt_rewards_card_011,5
document,document.doc_business_credit_cards_business_platinum_rewards_card_012,literal,doc_business_credit_cards_business_platinum_rewards_card_012,doc_business_credit_cards_business_basalt_rewards_card_012,1
document,document.doc_business_credit_cards_business_silver_rewards_card_001,literal,doc_business_credit_cards_business_silver_rewards_card_001,doc_business_credit_cards_business_granite_rewards_card_001,13
document,document.doc_business_credit_cards_business_silver_rewards_card_002,literal,doc_business_credit_cards_business_silver_rewards_card_002,doc_business_credit_cards_business_granite_rewards_card_002,13
document,document.doc_business_credit_cards_business_silver_rewards_card_003,literal,doc_business_credit_cards_business_silver_rewards_card_003,doc_business_credit_cards_business_granite_rewards_card_003,1
document,document.doc_business_credit_cards_business_silver_rewards_card_004,literal,doc_business_credit_cards_business_silver_rewards_card_004,doc_business_credit_cards_business_granite_rewards_card_004,1
document,document.doc_business_credit_cards_business_silver_rewards_card_005,literal,doc_business_credit_cards_business_silver_rewards_card_005,doc_business_credit_cards_business_granite_rewards_card_005,10
document,document.doc_business_credit_cards_business_silver_rewards_card_006,literal,doc_business_credit_cards_business_silver_rewards_card_006,doc_business_credit_cards_business_granite_rewards_card_006,1
document,document.doc_business_credit_cards_business_silver_rewards_card_007,literal,doc_business_credit_cards_business_silver_rewards_card_007,doc_business_credit_cards_business_granite_rewards_card_007,1
document,document.doc_business_credit_cards_business_silver_rewards_card_008,literal,doc_business_credit_cards_business_silver_rewards_card_008,doc_business_credit_cards_business_granite_rewards_card_008,1
document,document.doc_business_credit_cards_business_silver_rewards_card_009,literal,doc_business_credit_cards_business_silver_rewards_card_009,doc_business_credit_cards_business_granite_rewards_card_009,1
document,document.doc_business_credit_cards_business_silver_rewards_card_010,literal,doc_business_credit_cards_business_silver_rewards_card_010,doc_business_credit_cards_business_granite_rewards_card_010,1
document,document.doc_business_credit_cards_business_silver_rewards_card_011,literal,doc_business_credit_cards_business_silver_rewards_card_011,doc_business_credit_cards_business_granite_rewards_card_011,1
document,document.doc_business_credit_cards_business_silver_rewards_card_012,literal,doc_business_credit_cards_business_silver_rewards_card_012,doc_business_credit_cards_business_granite_rewards_card_012,8
document,document.doc_business_credit_cards_business_silver_rewards_card_013,literal,doc_business_credit_cards_business_silver_rewards_card_013,doc_business_credit_cards_business_granite_rewards_card_013,1
document,document.doc_business_credit_cards_green_rewards_card_001,literal,doc_business_credit_cards_green_rewards_card_001,doc_business_credit_cards_alder_rewards_card_001,1
document,document.doc_business_credit_cards_green_rewards_card_002,literal,doc_business_credit_cards_green_rewards_card_002,doc_business_credit_cards_alder_rewards_card_002,1
document,document.doc_business_credit_cards_green_rewards_card_003,literal,doc_business_credit_cards_green_rewards_card_003,doc_business_credit_cards_alder_rewards_card_003,1
document,document.doc_business_credit_cards_green_rewards_card_004,literal,doc_business_credit_cards_green_rewards_card_004,doc_business_credit_cards_alder_rewards_card_004,1
document,document.doc_business_credit_cards_green_rewards_card_005,literal,doc_business_credit_cards_green_rewards_card_005,doc_business_credit_cards_alder_rewards_card_005,1
document,document.doc_business_credit_cards_green_rewards_card_006,literal,doc_business_credit_cards_green_rewards_card_006,doc_business_credit_cards_alder_rewards_card_006,1
document,document.doc_business_credit_cards_green_rewards_card_007,literal,doc_business_credit_cards_green_rewards_card_007,doc_business_credit_cards_alder_rewards_card_007,1
document,document.doc_business_credit_cards_green_rewards_card_008,literal,doc_business_credit_cards_green_rewards_card_008,doc_business_credit_cards_alder_rewards_card_008,1
document,document.doc_business_credit_cards_green_rewards_card_009,literal,doc_business_credit_cards_green_rewards_card_009,doc_business_credit_cards_alder_rewards_card_009,1
document,document.doc_business_credit_cards_green_rewards_card_010,literal,doc_business_credit_cards_green_rewards_card_010,doc_business_credit_cards_alder_rewards_card_010,1
document,document.doc_business_credit_cards_silver_zoom_card_001,literal,doc_business_credit_cards_silver_zoom_card_001,doc_business_credit_cards_granite_fieldfare_card_001,1
document,document.doc_business_credit_cards_silver_zoom_card_002,literal,doc_business_credit_cards_silver_zoom_card_002,doc_business_credit_cards_granite_fieldfare_card_002,1
document,document.doc_business_credit_cards_silver_zoom_card_003,literal,doc_business_credit_cards_silver_zoom_card_003,doc_business_credit_cards_granite_fieldfare_card_003,1
document,document.doc_business_credit_cards_silver_zoom_card_004,literal,doc_business_credit_cards_silver_zoom_card_004,doc_business_credit_cards_granite_fieldfare_card_004,1
document,document.doc_business_credit_cards_silver_zoom_card_005,literal,doc_business_credit_cards_silver_zoom_card_005,doc_business_credit_cards_granite_fieldfare_card_005,1
document,document.doc_business_credit_cards_silver_zoom_card_006,literal,doc_business_credit_cards_silver_zoom_card_006,doc_business_credit_cards_granite_fieldfare_card_006,1
document,document.doc_business_credit_cards_silver_zoom_card_007,literal,doc_business_credit_cards_silver_zoom_card_007,doc_business_credit_cards_granite_fieldfare_card_007,1
document,document.doc_business_credit_cards_silver_zoom_card_008,literal,doc_business_credit_cards_silver_zoom_card_008,doc_business_credit_cards_granite_fieldfare_card_008,1
document,document.doc_business_credit_cards_silver_zoom_card_009,literal,doc_business_credit_cards_silver_zoom_card_009,doc_business_credit_cards_granite_fieldfare_card_009,1
document,document.doc_business_credit_cards_silver_zoom_card_010,literal,doc_business_credit_cards_silver_zoom_card_010,doc_business_credit_cards_granite_fieldfare_card_010,1
document,document.doc_business_credit_cards_silver_zoom_card_011,literal,doc_business_credit_cards_silver_zoom_card_011,doc_business_credit_cards_granite_fieldfare_card_011,3
document,document.doc_business_credit_cards_silver_zoom_card_012,literal,doc_business_credit_cards_silver_zoom_card_012,doc_business_credit_cards_granite_fieldfare_card_012,1
document,document.doc_business_credit_cards_silver_zoom_card_013,literal,doc_business_credit_cards_silver_zoom_card_013,doc_business_credit_cards_granite_fieldfare_card_013,1
document,document.doc_business_savings_accounts_bronze_saver_account_001,literal,doc_business_savings_accounts_bronze_saver_account_001,doc_business_savings_accounts_slate_saver_account_001,3
document,document.doc_business_savings_accounts_bronze_saver_account_002,literal,doc_business_savings_accounts_bronze_saver_account_002,doc_business_savings_accounts_slate_saver_account_002,1
document,document.doc_business_savings_accounts_bronze_saver_account_003,literal,doc_business_savings_accounts_bronze_saver_account_003,doc_business_savings_accounts_slate_saver_account_003,1
document,document.doc_business_savings_accounts_bronze_saver_account_004,literal,doc_business_savings_accounts_bronze_saver_account_004,doc_business_savings_accounts_slate_saver_account_004,1
document,document.doc_business_savings_accounts_bronze_saver_account_005,literal,doc_business_savings_accounts_bronze_saver_account_005,doc_business_savings_accounts_slate_saver_account_005,1
document,document.doc_business_savings_accounts_bronze_saver_account_006,literal,doc_business_savings_accounts_bronze_saver_account_006,doc_business_savings_accounts_slate_saver_account_006,1
document,document.doc_business_savings_accounts_bronze_saver_account_007,literal,doc_business_savings_accounts_bronze_saver_account_007,doc_business_savings_accounts_slate_saver_account_007,1
document,document.doc_business_savings_accounts_bronze_saver_account_008,literal,doc_business_savings_accounts_bronze_saver_account_008,doc_business_savings_accounts_slate_saver_account_008,1
document,document.doc_business_savings_accounts_diamond_vault_001,literal,doc_business_savings_accounts_diamond_vault_001,doc_business_savings_accounts_beryl_vault_001,3
document,document.doc_business_savings_accounts_diamond_vault_002,literal,doc_business_savings_accounts_diamond_vault_002,doc_business_savings_accounts_beryl_vault_002,1
document,document.doc_business_savings_accounts_diamond_vault_003,literal,doc_business_savings_accounts_diamond_vault_003,doc_business_savings_accounts_beryl_vault_003,1
document,document.doc_business_savings_accounts_diamond_vault_004,literal,doc_business_savings_accounts_diamond_vault_004,doc_business_savings_accounts_beryl_vault_004,1
document,document.doc_business_savings_accounts_diamond_vault_005,literal,doc_business_savings_accounts_diamond_vault_005,doc_business_savings_accounts_beryl_vault_005,1
document,document.doc_business_savings_accounts_diamond_vault_006,literal,doc_business_savings_accounts_diamond_vault_006,doc_business_savings_accounts_beryl_vault_006,1
document,document.doc_business_savings_accounts_diamond_vault_007,literal,doc_business_savings_accounts_diamond_vault_007,doc_business_savings_accounts_beryl_vault_007,1
document,document.doc_business_savings_accounts_diamond_vault_008,literal,doc_business_savings_accounts_diamond_vault_008,doc_business_savings_accounts_beryl_vault_008,1
document,document.doc_business_savings_accounts_emerald_saver_001,literal,doc_business_savings_accounts_emerald_saver_001,doc_business_savings_accounts_quartz_saver_001,3
document,document.doc_business_savings_accounts_emerald_saver_002,literal,doc_business_savings_accounts_emerald_saver_002,doc_business_savings_accounts_quartz_saver_002,1
document,document.doc_business_savings_accounts_emerald_saver_003,literal,doc_business_savings_accounts_emerald_saver_003,doc_business_savings_accounts_quartz_saver_003,1
document,document.doc_business_savings_accounts_emerald_saver_004,literal,doc_business_savings_accounts_emerald_saver_004,doc_business_savings_accounts_quartz_saver_004,1
document,document.doc_business_savings_accounts_emerald_saver_005,literal,doc_business_savings_accounts_emerald_saver_005,doc_business_savings_accounts_quartz_saver_005,1
document,document.doc_business_savings_accounts_emerald_saver_006,literal,doc_business_savings_accounts_emerald_saver_006,doc_business_savings_accounts_quartz_saver_006,1
document,document.doc_business_savings_accounts_emerald_saver_007,literal,doc_business_savings_accounts_emerald_saver_007,doc_business_savings_accounts_quartz_saver_007,1
document,document.doc_business_savings_accounts_emerald_saver_008,literal,doc_business_savings_accounts_emerald_saver_008,doc_business_savings_accounts_quartz_saver_008,1
document,document.doc_business_savings_accounts_gold_plus_saver_001,literal,doc_business_savings_accounts_gold_plus_saver_001,doc_business_savings_accounts_zircon_plus_saver_001,3
document,document.doc_business_savings_accounts_gold_plus_saver_002,literal,doc_business_savings_accounts_gold_plus_saver_002,doc_business_savings_accounts_zircon_plus_saver_002,1
document,document.doc_business_savings_accounts_gold_plus_saver_003,literal,doc_business_savings_accounts_gold_plus_saver_003,doc_business_savings_accounts_zircon_plus_saver_003,1
document,document.doc_business_savings_accounts_gold_plus_saver_004,literal,doc_business_savings_accounts_gold_plus_saver_004,doc_business_savings_accounts_zircon_plus_saver_004,1
document,document.doc_business_savings_accounts_gold_plus_saver_005,literal,doc_business_savings_accounts_gold_plus_saver_005,doc_business_savings_accounts_zircon_plus_saver_005,1
document,document.doc_business_savings_accounts_gold_plus_saver_006,literal,doc_business_savings_accounts_gold_plus_saver_006,doc_business_savings_accounts_zircon_plus_saver_006,3
document,document.doc_business_savings_accounts_gold_plus_saver_007,literal,doc_business_savings_accounts_gold_plus_saver_007,doc_business_savings_accounts_zircon_plus_saver_007,1
document,document.doc_business_savings_accounts_gold_saver_account_001,literal,doc_business_savings_accounts_gold_saver_account_001,doc_business_savings_accounts_zircon_saver_account_001,3
document,document.doc_business_savings_accounts_gold_saver_account_002,literal,doc_business_savings_accounts_gold_saver_account_002,doc_business_savings_accounts_zircon_saver_account_002,1
document,document.doc_business_savings_accounts_gold_saver_account_003,literal,doc_business_savings_accounts_gold_saver_account_003,doc_business_savings_accounts_zircon_saver_account_003,1
document,document.doc_business_savings_accounts_gold_saver_account_004,literal,doc_business_savings_accounts_gold_saver_account_004,doc_business_savings_accounts_zircon_saver_account_004,1
document,document.doc_business_savings_accounts_gold_saver_account_005,literal,doc_business_savings_accounts_gold_saver_account_005,doc_business_savings_accounts_zircon_saver_account_005,1
document,document.doc_business_savings_accounts_gold_saver_account_006,literal,doc_business_savings_accounts_gold_saver_account_006,doc_business_savings_accounts_zircon_saver_account_006,3
document,document.doc_business_savings_accounts_gold_saver_account_007,literal,doc_business_savings_accounts_gold_saver_account_007,doc_business_savings_accounts_zircon_saver_account_007,1
document,document.doc_business_savings_accounts_gold_saver_account_008,literal,doc_business_savings_accounts_gold_saver_account_008,doc_business_savings_accounts_zircon_saver_account_008,1
document,document.doc_business_savings_accounts_gold_saver_account_009,literal,doc_business_savings_accounts_gold_saver_account_009,doc_business_savings_accounts_zircon_saver_account_009,1
document,document.doc_business_savings_accounts_platinum_reserve_account_001,literal,doc_business_savings_accounts_platinum_reserve_account_001,doc_business_savings_accounts_basalt_reserve_account_001,3
document,document.doc_business_savings_accounts_platinum_reserve_account_002,literal,doc_business_savings_accounts_platinum_reserve_account_002,doc_business_savings_accounts_basalt_reserve_account_002,1
document,document.doc_business_savings_accounts_platinum_reserve_account_003,literal,doc_business_savings_accounts_platinum_reserve_account_003,doc_business_savings_accounts_basalt_reserve_account_003,1
document,document.doc_business_savings_accounts_platinum_reserve_account_004,literal,doc_business_savings_accounts_platinum_reserve_account_004,doc_business_savings_accounts_basalt_reserve_account_004,1
document,document.doc_business_savings_accounts_platinum_reserve_account_005,literal,doc_business_savings_accounts_platinum_reserve_account_005,doc_business_savings_accounts_basalt_reserve_account_005,1
document,document.doc_business_savings_accounts_platinum_reserve_account_006,literal,doc_business_savings_accounts_platinum_reserve_account_006,doc_business_savings_accounts_basalt_reserve_account_006,1
document,document.doc_business_savings_accounts_platinum_reserve_account_007,literal,doc_business_savings_accounts_platinum_reserve_account_007,doc_business_savings_accounts_basalt_reserve_account_007,1
document,document.doc_business_savings_accounts_platinum_reserve_account_008,literal,doc_business_savings_accounts_platinum_reserve_account_008,doc_business_savings_accounts_basalt_reserve_account_008,1
document,document.doc_business_savings_accounts_platinum_reserve_account_009,literal,doc_business_savings_accounts_platinum_reserve_account_009,doc_business_savings_accounts_basalt_reserve_account_009,1
document,document.doc_business_savings_accounts_platinum_reserve_account_010,literal,doc_business_savings_accounts_platinum_reserve_account_010,doc_business_savings_accounts_basalt_reserve_account_010,1
document,document.doc_business_savings_accounts_silver_plus_saver_001,literal,doc_business_savings_accounts_silver_plus_saver_001,doc_business_savings_accounts_granite_plus_saver_001,5
document,document.doc_business_savings_accounts_silver_plus_saver_002,literal,doc_business_savings_accounts_silver_plus_saver_002,doc_business_savings_accounts_granite_plus_saver_002,2
document,document.doc_business_savings_accounts_silver_plus_saver_003,literal,doc_business_savings_accounts_silver_plus_saver_003,doc_business_savings_accounts_granite_plus_saver_003,2
document,document.doc_business_savings_accounts_silver_plus_saver_004,literal,doc_business_savings_accounts_silver_plus_saver_004,doc_business_savings_accounts_granite_plus_saver_004,1
document,document.doc_business_savings_accounts_silver_plus_saver_005,literal,doc_business_savings_accounts_silver_plus_saver_005,doc_business_savings_accounts_granite_plus_saver_005,1
document,document.doc_business_savings_accounts_silver_plus_saver_006,literal,doc_business_savings_accounts_silver_plus_saver_006,doc_business_savings_accounts_granite_plus_saver_006,4
document,document.doc_business_savings_accounts_silver_plus_saver_007,literal,doc_business_savings_accounts_silver_plus_saver_007,doc_business_savings_accounts_granite_plus_saver_007,1
document,document.doc_business_savings_accounts_silver_saver_account_001,literal,doc_business_savings_accounts_silver_saver_account_001,doc_business_savings_accounts_granite_saver_account_001,3
document,document.doc_business_savings_accounts_silver_saver_account_002,literal,doc_business_savings_accounts_silver_saver_account_002,doc_business_savings_accounts_granite_saver_account_002,1
document,document.doc_business_savings_accounts_silver_saver_account_003,literal,doc_business_savings_accounts_silver_saver_account_003,doc_business_savings_accounts_granite_saver_account_003,1
document,document.doc_business_savings_accounts_silver_saver_account_004,literal,doc_business_savings_accounts_silver_saver_account_004,doc_business_savings_accounts_granite_saver_account_004,1
document,document.doc_business_savings_accounts_silver_saver_account_005,literal,doc_business_savings_accounts_silver_saver_account_005,doc_business_savings_accounts_granite_saver_account_005,1
document,document.doc_business_savings_accounts_silver_saver_account_006,literal,doc_business_savings_accounts_silver_saver_account_006,doc_business_savings_accounts_granite_saver_account_006,1
document,document.doc_business_savings_accounts_silver_saver_account_007,literal,doc_business_savings_accounts_silver_saver_account_007,doc_business_savings_accounts_granite_saver_account_007,1
document,document.doc_business_savings_accounts_silver_saver_account_008,literal,doc_business_savings_accounts_silver_saver_account_008,doc_business_savings_accounts_granite_saver_account_008,1
document,document.doc_buy_now_pay_later_bnpl_bronze_001,literal,doc_buy_now_pay_later_bnpl_bronze_001,doc_buy_now_pay_later_bnpl_slate_001,1
document,document.doc_buy_now_pay_later_bnpl_bronze_002,literal,doc_buy_now_pay_later_bnpl_bronze_002,doc_buy_now_pay_later_bnpl_slate_002,1
document,document.doc_buy_now_pay_later_bnpl_bronze_003,literal,doc_buy_now_pay_later_bnpl_bronze_003,doc_buy_now_pay_later_bnpl_slate_003,1
document,document.doc_buy_now_pay_later_bnpl_bronze_004,literal,doc_buy_now_pay_later_bnpl_bronze_004,doc_buy_now_pay_later_bnpl_slate_004,1
document,document.doc_buy_now_pay_later_bnpl_bronze_005,literal,doc_buy_now_pay_later_bnpl_bronze_005,doc_buy_now_pay_later_bnpl_slate_005,1
document,document.doc_buy_now_pay_later_bnpl_bronze_006,literal,doc_buy_now_pay_later_bnpl_bronze_006,doc_buy_now_pay_later_bnpl_slate_006,1
document,document.doc_buy_now_pay_later_bnpl_bronze_007,literal,doc_buy_now_pay_later_bnpl_bronze_007,doc_buy_now_pay_later_bnpl_slate_007,1
document,document.doc_buy_now_pay_later_bnpl_bronze_008,literal,doc_buy_now_pay_later_bnpl_bronze_008,doc_buy_now_pay_later_bnpl_slate_008,1
document,document.doc_buy_now_pay_later_bnpl_diamond_001,literal,doc_buy_now_pay_later_bnpl_diamond_001,doc_buy_now_pay_later_bnpl_beryl_001,1
document,document.doc_buy_now_pay_later_bnpl_diamond_002,literal,doc_buy_now_pay_later_bnpl_diamond_002,doc_buy_now_pay_later_bnpl_beryl_002,1
document,document.doc_buy_now_pay_later_bnpl_diamond_003,literal,doc_buy_now_pay_later_bnpl_diamond_003,doc_buy_now_pay_later_bnpl_beryl_003,1
document,document.doc_buy_now_pay_later_bnpl_diamond_004,literal,doc_buy_now_pay_later_bnpl_diamond_004,doc_buy_now_pay_later_bnpl_beryl_004,1
document,document.doc_buy_now_pay_later_bnpl_diamond_005,literal,doc_buy_now_pay_later_bnpl_diamond_005,doc_buy_now_pay_later_bnpl_beryl_005,1
document,document.doc_buy_now_pay_later_bnpl_diamond_006,literal,doc_buy_now_pay_later_bnpl_diamond_006,doc_buy_now_pay_later_bnpl_beryl_006,1
document,document.doc_buy_now_pay_later_bnpl_diamond_007,literal,doc_buy_now_pay_later_bnpl_diamond_007,doc_buy_now_pay_later_bnpl_beryl_007,1
document,document.doc_buy_now_pay_later_bnpl_diamond_008,literal,doc_buy_now_pay_later_bnpl_diamond_008,doc_buy_now_pay_later_bnpl_beryl_008,1
document,document.doc_buy_now_pay_later_bnpl_gold_001,literal,doc_buy_now_pay_later_bnpl_gold_001,doc_buy_now_pay_later_bnpl_zircon_001,1
document,document.doc_buy_now_pay_later_bnpl_gold_002,literal,doc_buy_now_pay_later_bnpl_gold_002,doc_buy_now_pay_later_bnpl_zircon_002,1
document,document.doc_buy_now_pay_later_bnpl_gold_003,literal,doc_buy_now_pay_later_bnpl_gold_003,doc_buy_now_pay_later_bnpl_zircon_003,1
document,document.doc_buy_now_pay_later_bnpl_gold_004,literal,doc_buy_now_pay_later_bnpl_gold_004,doc_buy_now_pay_later_bnpl_zircon_004,1
document,document.doc_buy_now_pay_later_bnpl_gold_005,literal,doc_buy_now_pay_later_bnpl_gold_005,doc_buy_now_pay_later_bnpl_zircon_005,1
document,document.doc_buy_now_pay_later_bnpl_gold_006,literal,doc_buy_now_pay_later_bnpl_gold_006,doc_buy_now_pay_later_bnpl_zircon_006,1
document,document.doc_buy_now_pay_later_bnpl_gold_007,literal,doc_buy_now_pay_later_bnpl_gold_007,doc_buy_now_pay_later_bnpl_zircon_007,1
document,document.doc_buy_now_pay_later_bnpl_gold_008,literal,doc_buy_now_pay_later_bnpl_gold_008,doc_buy_now_pay_later_bnpl_zircon_008,1
document,document.doc_buy_now_pay_later_bnpl_platinum_001,literal,doc_buy_now_pay_later_bnpl_platinum_001,doc_buy_now_pay_later_bnpl_basalt_001,1
document,document.doc_buy_now_pay_later_bnpl_platinum_002,literal,doc_buy_now_pay_later_bnpl_platinum_002,doc_buy_now_pay_later_bnpl_basalt_002,1
document,document.doc_buy_now_pay_later_bnpl_platinum_003,literal,doc_buy_now_pay_later_bnpl_platinum_003,doc_buy_now_pay_later_bnpl_basalt_003,1
document,document.doc_buy_now_pay_later_bnpl_platinum_004,literal,doc_buy_now_pay_later_bnpl_platinum_004,doc_buy_now_pay_later_bnpl_basalt_004,1
document,document.doc_buy_now_pay_later_bnpl_platinum_005,literal,doc_buy_now_pay_later_bnpl_platinum_005,doc_buy_now_pay_later_bnpl_basalt_005,1
document,document.doc_buy_now_pay_later_bnpl_platinum_006,literal,doc_buy_now_pay_later_bnpl_platinum_006,doc_buy_now_pay_later_bnpl_basalt_006,1
document,document.doc_buy_now_pay_later_bnpl_platinum_007,literal,doc_buy_now_pay_later_bnpl_platinum_007,doc_buy_now_pay_later_bnpl_basalt_007,1
document,document.doc_buy_now_pay_later_bnpl_platinum_008,literal,doc_buy_now_pay_later_bnpl_platinum_008,doc_buy_now_pay_later_bnpl_basalt_008,1
document,document.doc_buy_now_pay_later_bnpl_silver_001,literal,doc_buy_now_pay_later_bnpl_silver_001,doc_buy_now_pay_later_bnpl_granite_001,1
document,document.doc_buy_now_pay_later_bnpl_silver_002,literal,doc_buy_now_pay_later_bnpl_silver_002,doc_buy_now_pay_later_bnpl_granite_002,1
document,document.doc_buy_now_pay_later_bnpl_silver_003,literal,doc_buy_now_pay_later_bnpl_silver_003,doc_buy_now_pay_later_bnpl_granite_003,1
document,document.doc_buy_now_pay_later_bnpl_silver_004,literal,doc_buy_now_pay_later_bnpl_silver_004,doc_buy_now_pay_later_bnpl_granite_004,1
document,document.doc_buy_now_pay_later_bnpl_silver_005,literal,doc_buy_now_pay_later_bnpl_silver_005,doc_buy_now_pay_later_bnpl_granite_005,1
document,document.doc_buy_now_pay_later_bnpl_silver_006,literal,doc_buy_now_pay_later_bnpl_silver_006,doc_buy_now_pay_later_bnpl_granite_006,1
document,document.doc_buy_now_pay_later_bnpl_silver_007,literal,doc_buy_now_pay_later_bnpl_silver_007,doc_buy_now_pay_later_bnpl_granite_007,1
document,document.doc_buy_now_pay_later_bnpl_silver_008,literal,doc_buy_now_pay_later_bnpl_silver_008,doc_buy_now_pay_later_bnpl_granite_008,1
document,document.doc_checking_accounts_blue_account_001,literal,doc_checking_accounts_blue_account_001,doc_checking_accounts_laurel_account_001,19
document,document.doc_checking_accounts_blue_account_002,literal,doc_checking_accounts_blue_account_002,doc_checking_accounts_laurel_account_002,1
document,document.doc_checking_accounts_blue_account_003,literal,doc_checking_accounts_blue_account_003,doc_checking_accounts_laurel_account_003,7
document,document.doc_checking_accounts_blue_account_004,literal,doc_checking_accounts_blue_account_004,doc_checking_accounts_laurel_account_004,1
document,document.doc_checking_accounts_blue_account_005,literal,doc_checking_accounts_blue_account_005,doc_checking_accounts_laurel_account_005,1
document,document.doc_checking_accounts_blue_account_006,literal,doc_checking_accounts_blue_account_006,doc_checking_accounts_laurel_account_006,1
document,document.doc_checking_accounts_blue_account_007,literal,doc_checking_accounts_blue_account_007,doc_checking_accounts_laurel_account_007,1
document,document.doc_checking_accounts_blue_account_008,literal,doc_checking_accounts_blue_account_008,doc_checking_accounts_laurel_account_008,1
document,document.doc_checking_accounts_blue_account_009,literal,doc_checking_accounts_blue_account_009,doc_checking_accounts_laurel_account_009,1
document,document.doc_checking_accounts_blue_account_010,literal,doc_checking_accounts_blue_account_010,doc_checking_accounts_laurel_account_010,3
document,document.doc_checking_accounts_blue_account_011,literal,doc_checking_accounts_blue_account_011,doc_checking_accounts_laurel_account_011,1
document,document.doc_checking_accounts_blue_account_012,literal,doc_checking_accounts_blue_account_012,doc_checking_accounts_laurel_account_012,9
document,document.doc_checking_accounts_bluest_account_001,literal,doc_checking_accounts_bluest_account_001,doc_checking_accounts_poplar_account_001,17
document,document.doc_checking_accounts_bluest_account_002,literal,doc_checking_accounts_bluest_account_002,doc_checking_accounts_poplar_account_002,1
document,document.doc_checking_accounts_bluest_account_003,literal,doc_checking_accounts_bluest_account_003,doc_checking_accounts_poplar_account_003,15
document,document.doc_checking_accounts_bluest_account_004,literal,doc_checking_accounts_bluest_account_004,doc_checking_accounts_poplar_account_004,1
document,document.doc_checking_accounts_bluest_account_005,literal,doc_checking_accounts_bluest_account_005,doc_checking_accounts_poplar_account_005,1
document,document.doc_checking_accounts_bluest_account_006,literal,doc_checking_accounts_bluest_account_006,doc_checking_accounts_poplar_account_006,1
document,document.doc_checking_accounts_bluest_account_007,literal,doc_checking_accounts_bluest_account_007,doc_checking_accounts_poplar_account_007,7
document,document.doc_checking_accounts_bluest_account_008,literal,doc_checking_accounts_bluest_account_008,doc_checking_accounts_poplar_account_008,1
document,document.doc_checking_accounts_bluest_account_009,literal,doc_checking_accounts_bluest_account_009,doc_checking_accounts_poplar_account_009,1
document,document.doc_checking_accounts_bluest_account_010,literal,doc_checking_accounts_bluest_account_010,doc_checking_accounts_poplar_account_010,7
document,document.doc_checking_accounts_dark_green_account_001,literal,doc_checking_accounts_dark_green_account_001,doc_checking_accounts_dark_alder_account_001,15
document,document.doc_checking_accounts_dark_green_account_002,literal,doc_checking_accounts_dark_green_account_002,doc_checking_accounts_dark_alder_account_002,7
document,document.doc_checking_accounts_dark_green_account_003,literal,doc_checking_accounts_dark_green_account_003,doc_checking_accounts_dark_alder_account_003,1
document,document.doc_checking_accounts_dark_green_account_004,literal,doc_checking_accounts_dark_green_account_004,doc_checking_accounts_dark_alder_account_004,3
document,document.doc_checking_accounts_dark_green_account_005,literal,doc_checking_accounts_dark_green_account_005,doc_checking_accounts_dark_alder_account_005,1
document,document.doc_checking_accounts_dark_green_account_006,literal,doc_checking_accounts_dark_green_account_006,doc_checking_accounts_dark_alder_account_006,1
document,document.doc_checking_accounts_dark_green_account_007,literal,doc_checking_accounts_dark_green_account_007,doc_checking_accounts_dark_alder_account_007,1
document,document.doc_checking_accounts_dark_green_account_008,literal,doc_checking_accounts_dark_green_account_008,doc_checking_accounts_dark_alder_account_008,1
document,document.doc_checking_accounts_dark_green_account_009,literal,doc_checking_accounts_dark_green_account_009,doc_checking_accounts_dark_alder_account_009,1
document,document.doc_checking_accounts_dark_green_account_010,literal,doc_checking_accounts_dark_green_account_010,doc_checking_accounts_dark_alder_account_010,7
document,document.doc_checking_accounts_evergreen_account_001,literal,doc_checking_accounts_evergreen_account_001,doc_checking_accounts_fennel_account_001,17
document,document.doc_checking_accounts_evergreen_account_002,literal,doc_checking_accounts_evergreen_account_002,doc_checking_accounts_fennel_account_002,3
document,document.doc_checking_accounts_evergreen_account_003,literal,doc_checking_accounts_evergreen_account_003,doc_checking_accounts_fennel_account_003,1
document,document.doc_checking_accounts_evergreen_account_004,literal,doc_checking_accounts_evergreen_account_004,doc_checking_accounts_fennel_account_004,1
document,document.doc_checking_accounts_evergreen_account_005,literal,doc_checking_accounts_evergreen_account_005,doc_checking_accounts_fennel_account_005,1
document,document.doc_checking_accounts_evergreen_account_006,literal,doc_checking_accounts_evergreen_account_006,doc_checking_accounts_fennel_account_006,1
document,document.doc_checking_accounts_evergreen_account_007,literal,doc_checking_accounts_evergreen_account_007,doc_checking_accounts_fennel_account_007,1
document,document.doc_checking_accounts_evergreen_account_008,literal,doc_checking_accounts_evergreen_account_008,doc_checking_accounts_fennel_account_008,7
document,document.doc_checking_accounts_gold_years_account_001,literal,doc_checking_accounts_gold_years_account_001,doc_checking_accounts_zircon_years_account_001,17
document,document.doc_checking_accounts_gold_years_account_002,literal,doc_checking_accounts_gold_years_account_002,doc_checking_accounts_zircon_years_account_002,1
document,document.doc_checking_accounts_gold_years_account_003,literal,doc_checking_accounts_gold_years_account_003,doc_checking_accounts_zircon_years_account_003,1
document,document.doc_checking_accounts_gold_years_account_004,literal,doc_checking_accounts_gold_years_account_004,doc_checking_accounts_zircon_years_account_004,1
document,document.doc_checking_accounts_gold_years_account_005,literal,doc_checking_accounts_gold_years_account_005,doc_checking_accounts_zircon_years_account_005,1
document,document.doc_checking_accounts_gold_years_account_006,literal,doc_checking_accounts_gold_years_account_006,doc_checking_accounts_zircon_years_account_006,1
document,document.doc_checking_accounts_gold_years_account_007,literal,doc_checking_accounts_gold_years_account_007,doc_checking_accounts_zircon_years_account_007,1
document,document.doc_checking_accounts_gold_years_account_008,literal,doc_checking_accounts_gold_years_account_008,doc_checking_accounts_zircon_years_account_008,1
document,document.doc_checking_accounts_gold_years_account_009,literal,doc_checking_accounts_gold_years_account_009,doc_checking_accounts_zircon_years_account_009,1
document,document.doc_checking_accounts_gold_years_account_010,literal,doc_checking_accounts_gold_years_account_010,doc_checking_accounts_zircon_years_account_010,7
document,document.doc_checking_accounts_green_account_(checking)_001,literal,doc_checking_accounts_green_account_(checking)_001,doc_checking_accounts_alder_account_(checking)_001,31
document,document.doc_checking_accounts_green_account_(checking)_002,literal,doc_checking_accounts_green_account_(checking)_002,doc_checking_accounts_alder_account_(checking)_002,1
document,document.doc_checking_accounts_green_account_(checking)_003,literal,doc_checking_accounts_green_account_(checking)_003,doc_checking_accounts_alder_account_(checking)_003,1
document,document.doc_checking_accounts_green_account_(checking)_004,literal,doc_checking_accounts_green_account_(checking)_004,doc_checking_accounts_alder_account_(checking)_004,1
document,document.doc_checking_accounts_green_account_(checking)_005,literal,doc_checking_accounts_green_account_(checking)_005,doc_checking_accounts_alder_account_(checking)_005,1
document,document.doc_checking_accounts_green_account_(checking)_006,literal,doc_checking_accounts_green_account_(checking)_006,doc_checking_accounts_alder_account_(checking)_006,1
document,document.doc_checking_accounts_green_account_(checking)_007,literal,doc_checking_accounts_green_account_(checking)_007,doc_checking_accounts_alder_account_(checking)_007,1
document,document.doc_checking_accounts_green_account_(checking)_008,literal,doc_checking_accounts_green_account_(checking)_008,doc_checking_accounts_alder_account_(checking)_008,1
document,document.doc_checking_accounts_green_account_(checking)_009,literal,doc_checking_accounts_green_account_(checking)_009,doc_checking_accounts_alder_account_(checking)_009,1
document,document.doc_checking_accounts_green_account_(checking)_010,literal,doc_checking_accounts_green_account_(checking)_010,doc_checking_accounts_alder_account_(checking)_010,3
document,document.doc_checking_accounts_green_account_(checking)_011,literal,doc_checking_accounts_green_account_(checking)_011,doc_checking_accounts_alder_account_(checking)_011,1
document,document.doc_checking_accounts_green_account_(checking)_012,literal,doc_checking_accounts_green_account_(checking)_012,doc_checking_accounts_alder_account_(checking)_012,9
document,document.doc_checking_accounts_green_fee-free_account_001,literal,doc_checking_accounts_green_fee-free_account_001,doc_checking_accounts_alder_fee_free_account_001,19
document,document.doc_checking_accounts_green_fee-free_account_002,literal,doc_checking_accounts_green_fee-free_account_002,doc_checking_accounts_alder_fee_free_account_002,1
document,document.doc_checking_accounts_green_fee-free_account_003,literal,doc_checking_accounts_green_fee-free_account_003,doc_checking_accounts_alder_fee_free_account_003,11
document,document.doc_checking_accounts_green_fee-free_account_004,literal,doc_checking_accounts_green_fee-free_account_004,doc_checking_accounts_alder_fee_free_account_004,1
document,document.doc_checking_accounts_green_fee-free_account_005,literal,doc_checking_accounts_green_fee-free_account_005,doc_checking_accounts_alder_fee_free_account_005,7
document,document.doc_checking_accounts_green_fee-free_account_006,literal,doc_checking_accounts_green_fee-free_account_006,doc_checking_accounts_alder_fee_free_account_006,1
document,document.doc_checking_accounts_green_fee-free_account_007,literal,doc_checking_accounts_green_fee-free_account_007,doc_checking_accounts_alder_fee_free_account_007,7
document,document.doc_checking_accounts_light_blue_account_001,literal,doc_checking_accounts_light_blue_account_001,doc_checking_accounts_light_laurel_account_001,17
document,document.doc_checking_accounts_light_blue_account_002,literal,doc_checking_accounts_light_blue_account_002,doc_checking_accounts_light_laurel_account_002,3
document,document.doc_checking_accounts_light_blue_account_003,literal,doc_checking_accounts_light_blue_account_003,doc_checking_accounts_light_laurel_account_003,1
document,document.doc_checking_accounts_light_blue_account_004,literal,doc_checking_accounts_light_blue_account_004,doc_checking_accounts_light_laurel_account_004,7
document,document.doc_checking_accounts_light_blue_account_005,literal,doc_checking_accounts_light_blue_account_005,doc_checking_accounts_light_laurel_account_005,1
document,document.doc_checking_accounts_light_blue_account_006,literal,doc_checking_accounts_light_blue_account_006,doc_checking_accounts_light_laurel_account_006,7
document,document.doc_checking_accounts_light_blue_account_007,literal,doc_checking_accounts_light_blue_account_007,doc_checking_accounts_light_laurel_account_007,7
document,document.doc_checking_accounts_light_green_account_001,literal,doc_checking_accounts_light_green_account_001,doc_checking_accounts_light_alder_account_001,17
document,document.doc_checking_accounts_light_green_account_002,literal,doc_checking_accounts_light_green_account_002,doc_checking_accounts_light_alder_account_002,5
document,document.doc_checking_accounts_light_green_account_003,literal,doc_checking_accounts_light_green_account_003,doc_checking_accounts_light_alder_account_003,1
document,document.doc_checking_accounts_light_green_account_004,literal,doc_checking_accounts_light_green_account_004,doc_checking_accounts_light_alder_account_004,1
document,document.doc_checking_accounts_light_green_account_005,literal,doc_checking_accounts_light_green_account_005,doc_checking_accounts_light_alder_account_005,3
document,document.doc_checking_accounts_light_green_account_006,literal,doc_checking_accounts_light_green_account_006,doc_checking_accounts_light_alder_account_006,1
document,document.doc_checking_accounts_light_green_account_007,literal,doc_checking_accounts_light_green_account_007,doc_checking_accounts_light_alder_account_007,1
document,document.doc_checking_accounts_light_green_account_008,literal,doc_checking_accounts_light_green_account_008,doc_checking_accounts_light_alder_account_008,1
document,document.doc_checking_accounts_light_green_account_009,literal,doc_checking_accounts_light_green_account_009,doc_checking_accounts_light_alder_account_009,1
document,document.doc_checking_accounts_light_green_account_010,literal,doc_checking_accounts_light_green_account_010,doc_checking_accounts_light_alder_account_010,1
document,document.doc_checking_accounts_light_green_account_011,literal,doc_checking_accounts_light_green_account_011,doc_checking_accounts_light_alder_account_011,1
document,document.doc_checking_accounts_light_green_account_012,literal,doc_checking_accounts_light_green_account_012,doc_checking_accounts_light_alder_account_012,1
document,document.doc_checking_accounts_light_green_account_013,literal,doc_checking_accounts_light_green_account_013,doc_checking_accounts_light_alder_account_013,9
document,document.doc_checking_accounts_purple_account_001,literal,doc_checking_accounts_purple_account_001,doc_checking_accounts_maple_account_001,21
document,document.doc_checking_accounts_purple_account_002,literal,doc_checking_accounts_purple_account_002,doc_checking_accounts_maple_account_002,1
document,document.doc_checking_accounts_purple_account_003,literal,doc_checking_accounts_purple_account_003,doc_checking_accounts_maple_account_003,1
document,document.doc_checking_accounts_purple_account_004,literal,doc_checking_accounts_purple_account_004,doc_checking_accounts_maple_account_004,7
document,document.doc_checking_accounts_purple_account_005,literal,doc_checking_accounts_purple_account_005,doc_checking_accounts_maple_account_005,1
document,document.doc_checking_accounts_purple_account_006,literal,doc_checking_accounts_purple_account_006,doc_checking_accounts_maple_account_006,1
document,document.doc_checking_accounts_purple_account_007,literal,doc_checking_accounts_purple_account_007,doc_checking_accounts_maple_account_007,2
document,document.doc_checking_accounts_purple_account_008,literal,doc_checking_accounts_purple_account_008,doc_checking_accounts_maple_account_008,1
document,document.doc_checking_accounts_purple_account_009,literal,doc_checking_accounts_purple_account_009,doc_checking_accounts_maple_account_009,1
document,document.doc_checking_accounts_purple_account_010,literal,doc_checking_accounts_purple_account_010,doc_checking_accounts_maple_account_010,1
document,document.doc_checking_accounts_purple_account_011,literal,doc_checking_accounts_purple_account_011,doc_checking_accounts_maple_account_011,7
document,document.doc_checking_accounts_purple_account_012,literal,doc_checking_accounts_purple_account_012,doc_checking_accounts_maple_account_012,3
document,document.doc_credit_cards_bronze_rewards_card_001,literal,doc_credit_cards_bronze_rewards_card_001,doc_credit_cards_slate_rewards_card_001,23
document,document.doc_credit_cards_bronze_rewards_card_002,literal,doc_credit_cards_bronze_rewards_card_002,doc_credit_cards_slate_rewards_card_002,1
document,document.doc_credit_cards_bronze_rewards_card_003,literal,doc_credit_cards_bronze_rewards_card_003,doc_credit_cards_slate_rewards_card_003,1
document,document.doc_credit_cards_bronze_rewards_card_004,literal,doc_credit_cards_bronze_rewards_card_004,doc_credit_cards_slate_rewards_card_004,1
document,document.doc_credit_cards_bronze_rewards_card_005,literal,doc_credit_cards_bronze_rewards_card_005,doc_credit_cards_slate_rewards_card_005,1
document,document.doc_credit_cards_bronze_rewards_card_006,literal,doc_credit_cards_bronze_rewards_card_006,doc_credit_cards_slate_rewards_card_006,1
document,document.doc_credit_cards_bronze_rewards_card_007,literal,doc_credit_cards_bronze_rewards_card_007,doc_credit_cards_slate_rewards_card_007,1
document,document.doc_credit_cards_bronze_rewards_card_008,literal,doc_credit_cards_bronze_rewards_card_008,doc_credit_cards_slate_rewards_card_008,1
document,document.doc_credit_cards_crypto-cash_back_001,literal,doc_credit_cards_crypto-cash_back_001,doc_credit_cards_curlew_back_001,7
document,document.doc_credit_cards_crypto-cash_back_002,literal,doc_credit_cards_crypto-cash_back_002,doc_credit_cards_curlew_back_002,7
document,document.doc_credit_cards_crypto-cash_back_003,literal,doc_credit_cards_crypto-cash_back_003,doc_credit_cards_curlew_back_003,1
document,document.doc_credit_cards_crypto-cash_back_004,literal,doc_credit_cards_crypto-cash_back_004,doc_credit_cards_curlew_back_004,1
document,document.doc_credit_cards_crypto-cash_back_005,literal,doc_credit_cards_crypto-cash_back_005,doc_credit_cards_curlew_back_005,1
document,document.doc_credit_cards_crypto-cash_back_006,literal,doc_credit_cards_crypto-cash_back_006,doc_credit_cards_curlew_back_006,1
document,document.doc_credit_cards_crypto-cash_back_007,literal,doc_credit_cards_crypto-cash_back_007,doc_credit_cards_curlew_back_007,1
document,document.doc_credit_cards_crypto-cash_back_008,literal,doc_credit_cards_crypto-cash_back_008,doc_credit_cards_curlew_back_008,1
document,document.doc_credit_cards_crypto-cash_back_009,literal,doc_credit_cards_crypto-cash_back_009,doc_credit_cards_curlew_back_009,1
document,document.doc_credit_cards_diamond_elite_card_001,literal,doc_credit_cards_diamond_elite_card_001,doc_credit_cards_beryl_elite_card_001,5
document,document.doc_credit_cards_diamond_elite_card_002,literal,doc_credit_cards_diamond_elite_card_002,doc_credit_cards_beryl_elite_card_002,3
document,document.doc_credit_cards_diamond_elite_card_003,literal,doc_credit_cards_diamond_elite_card_003,doc_credit_cards_beryl_elite_card_003,3
document,document.doc_credit_cards_diamond_elite_card_004,literal,doc_credit_cards_diamond_elite_card_004,doc_credit_cards_beryl_elite_card_004,1
document,document.doc_credit_cards_diamond_elite_card_005,literal,doc_credit_cards_diamond_elite_card_005,doc_credit_cards_beryl_elite_card_005,1
document,document.doc_credit_cards_diamond_elite_card_006,literal,doc_credit_cards_diamond_elite_card_006,doc_credit_cards_beryl_elite_card_006,1
document,document.doc_credit_cards_diamond_elite_card_007,literal,doc_credit_cards_diamond_elite_card_007,doc_credit_cards_beryl_elite_card_007,1
document,document.doc_credit_cards_diamond_elite_card_008,literal,doc_credit_cards_diamond_elite_card_008,doc_credit_cards_beryl_elite_card_008,1
document,document.doc_credit_cards_diamond_elite_card_009,literal,doc_credit_cards_diamond_elite_card_009,doc_credit_cards_beryl_elite_card_009,1
document,document.doc_credit_cards_ecocard_001,literal,doc_credit_cards_ecocard_001,doc_credit_cards_godwit_001,31
document,document.doc_credit_cards_ecocard_002,literal,doc_credit_cards_ecocard_002,doc_credit_cards_godwit_002,13
document,document.doc_credit_cards_ecocard_003,literal,doc_credit_cards_ecocard_003,doc_credit_cards_godwit_003,1
document,document.doc_credit_cards_ecocard_004,literal,doc_credit_cards_ecocard_004,doc_credit_cards_godwit_004,5
document,document.doc_credit_cards_ecocard_005,literal,doc_credit_cards_ecocard_005,doc_credit_cards_godwit_005,1
document,document.doc_credit_cards_ecocard_006,literal,doc_credit_cards_ecocard_006,doc_credit_cards_godwit_006,1
document,document.doc_credit_cards_ecocard_007,literal,doc_credit_cards_ecocard_007,doc_credit_cards_godwit_007,1
document,document.doc_credit_cards_ecocard_008,literal,doc_credit_cards_ecocard_008,doc_credit_cards_godwit_008,3
document,document.doc_credit_cards_ecocard_009,literal,doc_credit_cards_ecocard_009,doc_credit_cards_godwit_009,3
document,document.doc_credit_cards_ecocard_010,literal,doc_credit_cards_ecocard_010,doc_credit_cards_godwit_010,1
document,document.doc_credit_cards_ecocard_011,literal,doc_credit_cards_ecocard_011,doc_credit_cards_godwit_011,3
document,document.doc_credit_cards_gold_rewards_card_001,literal,doc_credit_cards_gold_rewards_card_001,doc_credit_cards_zircon_rewards_card_001,19
document,document.doc_credit_cards_gold_rewards_card_002,literal,doc_credit_cards_gold_rewards_card_002,doc_credit_cards_zircon_rewards_card_002,3
document,document.doc_credit_cards_gold_rewards_card_003,literal,doc_credit_cards_gold_rewards_card_003,doc_credit_cards_zircon_rewards_card_003,1
document,document.doc_credit_cards_gold_rewards_card_004,literal,doc_credit_cards_gold_rewards_card_004,doc_credit_cards_zircon_rewards_card_004,1
document,document.doc_credit_cards_gold_rewards_card_005,literal,doc_credit_cards_gold_rewards_card_005,doc_credit_cards_zircon_rewards_card_005,1
document,document.doc_credit_cards_platinum_rewards_card_001,literal,doc_credit_cards_platinum_rewards_card_001,doc_credit_cards_basalt_rewards_card_001,25
document,document.doc_credit_cards_platinum_rewards_card_002,literal,doc_credit_cards_platinum_rewards_card_002,doc_credit_cards_basalt_rewards_card_002,7
document,document.doc_credit_cards_platinum_rewards_card_003,literal,doc_credit_cards_platinum_rewards_card_003,doc_credit_cards_basalt_rewards_card_003,1
document,document.doc_credit_cards_platinum_rewards_card_004,literal,doc_credit_cards_platinum_rewards_card_004,doc_credit_cards_basalt_rewards_card_004,1
document,document.doc_credit_cards_platinum_rewards_card_005,literal,doc_credit_cards_platinum_rewards_card_005,doc_credit_cards_basalt_rewards_card_005,1
document,document.doc_credit_cards_platinum_rewards_card_006,literal,doc_credit_cards_platinum_rewards_card_006,doc_credit_cards_basalt_rewards_card_006,1
document,document.doc_credit_cards_platinum_rewards_card_007,literal,doc_credit_cards_platinum_rewards_card_007,doc_credit_cards_basalt_rewards_card_007,5
document,document.doc_credit_cards_platinum_rewards_card_008,literal,doc_credit_cards_platinum_rewards_card_008,doc_credit_cards_basalt_rewards_card_008,5
document,document.doc_credit_cards_platinum_rewards_card_009,literal,doc_credit_cards_platinum_rewards_card_009,doc_credit_cards_basalt_rewards_card_009,1
document,document.doc_credit_cards_platinum_rewards_card_010,literal,doc_credit_cards_platinum_rewards_card_010,doc_credit_cards_basalt_rewards_card_010,3
document,document.doc_credit_cards_silver_rewards_card_001,literal,doc_credit_cards_silver_rewards_card_001,doc_credit_cards_granite_rewards_card_001,43
document,document.doc_credit_cards_silver_rewards_card_002,literal,doc_credit_cards_silver_rewards_card_002,doc_credit_cards_granite_rewards_card_002,19
document,document.doc_credit_cards_silver_rewards_card_003,literal,doc_credit_cards_silver_rewards_card_003,doc_credit_cards_granite_rewards_card_003,1
document,document.doc_credit_cards_silver_rewards_card_004,literal,doc_credit_cards_silver_rewards_card_004,doc_credit_cards_granite_rewards_card_004,1
document,document.doc_credit_cards_silver_rewards_card_005,literal,doc_credit_cards_silver_rewards_card_005,doc_credit_cards_granite_rewards_card_005,5
document,document.doc_credit_cards_silver_rewards_card_006,literal,doc_credit_cards_silver_rewards_card_006,doc_credit_cards_granite_rewards_card_006,1
document,document.doc_credit_cards_silver_rewards_card_007,literal,doc_credit_cards_silver_rewards_card_007,doc_credit_cards_granite_rewards_card_007,1
document,document.doc_credit_cards_silver_rewards_card_008,literal,doc_credit_cards_silver_rewards_card_008,doc_credit_cards_granite_rewards_card_008,1
document,document.doc_credit_cards_silver_rewards_card_009,literal,doc_credit_cards_silver_rewards_card_009,doc_credit_cards_granite_rewards_card_009,1
document,document.doc_credit_cards_silver_rewards_card_010,literal,doc_credit_cards_silver_rewards_card_010,doc_credit_cards_granite_rewards_card_010,1
document,document.doc_credit_cards_silver_rewards_card_011,literal,doc_credit_cards_silver_rewards_card_011,doc_credit_cards_granite_rewards_card_011,5
document,document.doc_personal_subscriptions_rho_bank_plus_001,literal,doc_personal_subscriptions_rho_bank_plus_001,doc_personal_subscriptions_kestrel_union_plus_001,1
document,document.doc_personal_subscriptions_rho_bank_plus_002,literal,doc_personal_subscriptions_rho_bank_plus_002,doc_personal_subscriptions_kestrel_union_plus_002,1
document,document.doc_savings_accounts_bronze_account_001,literal,doc_savings_accounts_bronze_account_001,doc_savings_accounts_slate_account_001,17
document,document.doc_savings_accounts_bronze_account_002,literal,doc_savings_accounts_bronze_account_002,doc_savings_accounts_slate_account_002,3
document,document.doc_savings_accounts_bronze_account_003,literal,doc_savings_accounts_bronze_account_003,doc_savings_accounts_slate_account_003,3
document,document.doc_savings_accounts_bronze_account_004,literal,doc_savings_accounts_bronze_account_004,doc_savings_accounts_slate_account_004,3
document,document.doc_savings_accounts_bronze_account_005,literal,doc_savings_accounts_bronze_account_005,doc_savings_accounts_slate_account_005,1
document,document.doc_savings_accounts_bronze_account_006,literal,doc_savings_accounts_bronze_account_006,doc_savings_accounts_slate_account_006,3
document,document.doc_savings_accounts_bronze_account_007,literal,doc_savings_accounts_bronze_account_007,doc_savings_accounts_slate_account_007,3
document,document.doc_savings_accounts_bronze_account_008,literal,doc_savings_accounts_bronze_account_008,doc_savings_accounts_slate_account_008,1
document,document.doc_savings_accounts_bronze_account_009,literal,doc_savings_accounts_bronze_account_009,doc_savings_accounts_slate_account_009,1
document,document.doc_savings_accounts_diamond_elite_account_001,literal,doc_savings_accounts_diamond_elite_account_001,doc_savings_accounts_beryl_elite_account_001,3
document,document.doc_savings_accounts_diamond_elite_account_002,literal,doc_savings_accounts_diamond_elite_account_002,doc_savings_accounts_beryl_elite_account_002,1
document,document.doc_savings_accounts_diamond_elite_account_003,literal,doc_savings_accounts_diamond_elite_account_003,doc_savings_accounts_beryl_elite_account_003,1
document,document.doc_savings_accounts_diamond_elite_account_004,literal,doc_savings_accounts_diamond_elite_account_004,doc_savings_accounts_beryl_elite_account_004,1
document,document.doc_savings_accounts_diamond_elite_account_005,literal,doc_savings_accounts_diamond_elite_account_005,doc_savings_accounts_beryl_elite_account_005,1
document,document.doc_savings_accounts_diamond_elite_account_006,literal,doc_savings_accounts_diamond_elite_account_006,doc_savings_accounts_beryl_elite_account_006,1
document,document.doc_savings_accounts_diamond_elite_account_007,literal,doc_savings_accounts_diamond_elite_account_007,doc_savings_accounts_beryl_elite_account_007,1
document,document.doc_savings_accounts_diamond_elite_account_008,literal,doc_savings_accounts_diamond_elite_account_008,doc_savings_accounts_beryl_elite_account_008,1
document,document.doc_savings_accounts_diamond_elite_account_009,literal,doc_savings_accounts_diamond_elite_account_009,doc_savings_accounts_beryl_elite_account_009,1
document,document.doc_savings_accounts_diamond_elite_account_010,literal,doc_savings_accounts_diamond_elite_account_010,doc_savings_accounts_beryl_elite_account_010,1
document,document.doc_savings_accounts_diamond_elite_account_011,literal,doc_savings_accounts_diamond_elite_account_011,doc_savings_accounts_beryl_elite_account_011,3
document,document.doc_savings_accounts_gold_account_001,literal,doc_savings_accounts_gold_account_001,doc_savings_accounts_zircon_account_001,23
document,document.doc_savings_accounts_gold_account_002,literal,doc_savings_accounts_gold_account_002,doc_savings_accounts_zircon_account_002,5
document,document.doc_savings_accounts_gold_account_003,literal,doc_savings_accounts_gold_account_003,doc_savings_accounts_zircon_account_003,7
document,document.doc_savings_accounts_gold_account_004,literal,doc_savings_accounts_gold_account_004,doc_savings_accounts_zircon_account_004,1
document,document.doc_savings_accounts_gold_account_005,literal,doc_savings_accounts_gold_account_005,doc_savings_accounts_zircon_account_005,1
document,document.doc_savings_accounts_gold_account_006,literal,doc_savings_accounts_gold_account_006,doc_savings_accounts_zircon_account_006,1
document,document.doc_savings_accounts_gold_account_007,literal,doc_savings_accounts_gold_account_007,doc_savings_accounts_zircon_account_007,1
document,document.doc_savings_accounts_gold_account_008,literal,doc_savings_accounts_gold_account_008,doc_savings_accounts_zircon_account_008,1
document,document.doc_savings_accounts_gold_account_009,literal,doc_savings_accounts_gold_account_009,doc_savings_accounts_zircon_account_009,1
document,document.doc_savings_accounts_gold_account_010,literal,doc_savings_accounts_gold_account_010,doc_savings_accounts_zircon_account_010,1
document,document.doc_savings_accounts_gold_account_011,literal,doc_savings_accounts_gold_account_011,doc_savings_accounts_zircon_account_011,1
document,document.doc_savings_accounts_gold_account_012,literal,doc_savings_accounts_gold_account_012,doc_savings_accounts_zircon_account_012,1
document,document.doc_savings_accounts_gold_account_013,literal,doc_savings_accounts_gold_account_013,doc_savings_accounts_zircon_account_013,5
document,document.doc_savings_accounts_gold_account_014,literal,doc_savings_accounts_gold_account_014,doc_savings_accounts_zircon_account_014,9
document,document.doc_savings_accounts_gold_plus_account_001,literal,doc_savings_accounts_gold_plus_account_001,doc_savings_accounts_zircon_plus_account_001,9
document,document.doc_savings_accounts_gold_plus_account_002,literal,doc_savings_accounts_gold_plus_account_002,doc_savings_accounts_zircon_plus_account_002,5
document,document.doc_savings_accounts_gold_plus_account_003,literal,doc_savings_accounts_gold_plus_account_003,doc_savings_accounts_zircon_plus_account_003,3
document,document.doc_savings_accounts_gold_plus_account_004,literal,doc_savings_accounts_gold_plus_account_004,doc_savings_accounts_zircon_plus_account_004,1
document,document.doc_savings_accounts_gold_plus_account_005,literal,doc_savings_accounts_gold_plus_account_005,doc_savings_accounts_zircon_plus_account_005,1
document,document.doc_savings_accounts_gold_plus_account_006,literal,doc_savings_accounts_gold_plus_account_006,doc_savings_accounts_zircon_plus_account_006,1
document,document.doc_savings_accounts_gold_plus_account_007,literal,doc_savings_accounts_gold_plus_account_007,doc_savings_accounts_zircon_plus_account_007,1
document,document.doc_savings_accounts_gold_plus_account_008,literal,doc_savings_accounts_gold_plus_account_008,doc_savings_accounts_zircon_plus_account_008,1
document,document.doc_savings_accounts_gold_plus_account_009,literal,doc_savings_accounts_gold_plus_account_009,doc_savings_accounts_zircon_plus_account_009,7
document,document.doc_savings_accounts_green_account_(savings)_001,literal,doc_savings_accounts_green_account_(savings)_001,doc_savings_accounts_alder_account_(savings)_001,19
document,document.doc_savings_accounts_green_account_(savings)_002,literal,doc_savings_accounts_green_account_(savings)_002,doc_savings_accounts_alder_account_(savings)_002,1
document,document.doc_savings_accounts_green_account_(savings)_003,literal,doc_savings_accounts_green_account_(savings)_003,doc_savings_accounts_alder_account_(savings)_003,7
document,document.doc_savings_accounts_green_account_(savings)_004,literal,doc_savings_accounts_green_account_(savings)_004,doc_savings_accounts_alder_account_(savings)_004,1
document,document.doc_savings_accounts_green_account_(savings)_005,literal,doc_savings_accounts_green_account_(savings)_005,doc_savings_accounts_alder_account_(savings)_005,9
document,document.doc_savings_accounts_green_account_(savings)_006,literal,doc_savings_accounts_green_account_(savings)_006,doc_savings_accounts_alder_account_(savings)_006,1
document,document.doc_savings_accounts_green_account_(savings)_007,literal,doc_savings_accounts_green_account_(savings)_007,doc_savings_accounts_alder_account_(savings)_007,1
document,document.doc_savings_accounts_green_account_(savings)_008,literal,doc_savings_accounts_green_account_(savings)_008,doc_savings_accounts_alder_account_(savings)_008,1
document,document.doc_savings_accounts_green_account_(savings)_009,literal,doc_savings_accounts_green_account_(savings)_009,doc_savings_accounts_alder_account_(savings)_009,1
document,document.doc_savings_accounts_platinum_account_001,literal,doc_savings_accounts_platinum_account_001,doc_savings_accounts_basalt_account_001,5
document,document.doc_savings_accounts_platinum_account_002,literal,doc_savings_accounts_platinum_account_002,doc_savings_accounts_basalt_account_002,1
document,document.doc_savings_accounts_platinum_account_003,literal,doc_savings_accounts_platinum_account_003,doc_savings_accounts_basalt_account_003,1
document,document.doc_savings_accounts_platinum_account_004,literal,doc_savings_accounts_platinum_account_004,doc_savings_accounts_basalt_account_004,1
document,document.doc_savings_accounts_platinum_account_005,literal,doc_savings_accounts_platinum_account_005,doc_savings_accounts_basalt_account_005,1
document,document.doc_savings_accounts_platinum_account_006,literal,doc_savings_accounts_platinum_account_006,doc_savings_accounts_basalt_account_006,1
document,document.doc_savings_accounts_platinum_account_007,literal,doc_savings_accounts_platinum_account_007,doc_savings_accounts_basalt_account_007,1
document,document.doc_savings_accounts_platinum_account_008,literal,doc_savings_accounts_platinum_account_008,doc_savings_accounts_basalt_account_008,1
document,document.doc_savings_accounts_platinum_account_009,literal,doc_savings_accounts_platinum_account_009,doc_savings_accounts_basalt_account_009,1
document,document.doc_savings_accounts_platinum_account_010,literal,doc_savings_accounts_platinum_account_010,doc_savings_accounts_basalt_account_010,3
document,document.doc_savings_accounts_platinum_plus_account_001,literal,doc_savings_accounts_platinum_plus_account_001,doc_savings_accounts_basalt_plus_account_001,3
document,document.doc_savings_accounts_platinum_plus_account_002,literal,doc_savings_accounts_platinum_plus_account_002,doc_savings_accounts_basalt_plus_account_002,3
document,document.doc_savings_accounts_platinum_plus_account_003,literal,doc_savings_accounts_platinum_plus_account_003,doc_savings_accounts_basalt_plus_account_003,1
document,document.doc_savings_accounts_platinum_plus_account_004,literal,doc_savings_accounts_platinum_plus_account_004,doc_savings_accounts_basalt_plus_account_004,1
document,document.doc_savings_accounts_platinum_plus_account_005,literal,doc_savings_accounts_platinum_plus_account_005,doc_savings_accounts_basalt_plus_account_005,1
document,document.doc_savings_accounts_platinum_plus_account_006,literal,doc_savings_accounts_platinum_plus_account_006,doc_savings_accounts_basalt_plus_account_006,1
document,document.doc_savings_accounts_platinum_plus_account_007,literal,doc_savings_accounts_platinum_plus_account_007,doc_savings_accounts_basalt_plus_account_007,1
document,document.doc_savings_accounts_platinum_plus_account_008,literal,doc_savings_accounts_platinum_plus_account_008,doc_savings_accounts_basalt_plus_account_008,1
document,document.doc_savings_accounts_platinum_plus_account_009,literal,doc_savings_accounts_platinum_plus_account_009,doc_savings_accounts_basalt_plus_account_009,3
document,document.doc_savings_accounts_silver_account_001,literal,doc_savings_accounts_silver_account_001,doc_savings_accounts_granite_account_001,21
document,document.doc_savings_accounts_silver_account_002,literal,doc_savings_accounts_silver_account_002,doc_savings_accounts_granite_account_002,5
document,document.doc_savings_accounts_silver_account_003,literal,doc_savings_accounts_silver_account_003,doc_savings_accounts_granite_account_003,3
document,document.doc_savings_accounts_silver_account_004,literal,doc_savings_accounts_silver_account_004,doc_savings_accounts_granite_account_004,1
document,document.doc_savings_accounts_silver_account_005,literal,doc_savings_accounts_silver_account_005,doc_savings_accounts_granite_account_005,3
document,document.doc_savings_accounts_silver_account_006,literal,doc_savings_accounts_silver_account_006,doc_savings_accounts_granite_account_006,7
document,document.doc_savings_accounts_silver_account_007,literal,doc_savings_accounts_silver_account_007,doc_savings_accounts_granite_account_007,1
document,document.doc_savings_accounts_silver_account_008,literal,doc_savings_accounts_silver_account_008,doc_savings_accounts_granite_account_008,1
document,document.doc_savings_accounts_silver_account_009,literal,doc_savings_accounts_silver_account_009,doc_savings_accounts_granite_account_009,1
document,document.doc_savings_accounts_silver_plus_account_001,literal,doc_savings_accounts_silver_plus_account_001,doc_savings_accounts_granite_plus_account_001,23
document,document.doc_savings_accounts_silver_plus_account_002,literal,doc_savings_accounts_silver_plus_account_002,doc_savings_accounts_granite_plus_account_002,15
document,document.doc_savings_accounts_silver_plus_account_003,literal,doc_savings_accounts_silver_plus_account_003,doc_savings_accounts_granite_plus_account_003,3
document,document.doc_savings_accounts_silver_plus_account_004,literal,doc_savings_accounts_silver_plus_account_004,doc_savings_accounts_granite_plus_account_004,7
document,document.doc_savings_accounts_silver_plus_account_005,literal,doc_savings_accounts_silver_plus_account_005,doc_savings_accounts_granite_plus_account_005,1
document,document.doc_savings_accounts_silver_plus_account_006,literal,doc_savings_accounts_silver_plus_account_006,doc_savings_accounts_granite_plus_account_006,3
document,document.doc_savings_accounts_silver_plus_account_007,literal,doc_savings_accounts_silver_plus_account_007,doc_savings_accounts_granite_plus_account_007,1
document,document.doc_savings_accounts_silver_plus_account_008,literal,doc_savings_accounts_silver_plus_account_008,doc_savings_accounts_granite_plus_account_008,1
document,document.doc_savings_accounts_silver_plus_account_009,literal,doc_savings_accounts_silver_plus_account_009,doc_savings_accounts_granite_plus_account_009,11
identifier,identifier.rho_bank_subscription,literal,rho_bank_subscription,kestrel_union_subscription,72
tool,tool.activate_debit_card_8291,literal,activate_debit_card_8291,enable_debit_card_6939,6
tool,tool.activate_debit_card_8292,literal,activate_debit_card_8292,enable_debit_card_8123,15
tool,tool.activate_debit_card_8293,literal,activate_debit_card_8293,enable_debit_card_4205,8
tool,tool.apply_checking_account_credit_5829,literal,apply_checking_account_credit_5829,request_checking_account_credit_1255,29
tool,tool.apply_credit_card_account_flag_6147,literal,apply_credit_card_account_flag_6147,request_credit_card_account_flag_9164,7
tool,tool.apply_savings_account_credit_6831,literal,apply_savings_account_credit_6831,request_savings_account_credit_8237,33
tool,tool.apply_statement_credit_8472,literal,apply_statement_credit_8472,request_statement_credit_4861,25
tool,tool.approve_credit_limit_increase_5847,literal,approve_credit_limit_increase_5847,authorize_credit_limit_increase_6928,19
tool,tool.change_debit_card_pin_6285,literal,change_debit_card_pin_6285,alter_debit_card_pin_9261,2
tool,tool.change_user_email,literal,change_user_email,alter_user_email,3
tool,tool.clear_debit_card_fraud_alert_4892,literal,clear_debit_card_fraud_alert_4892,resolve_debit_card_fraud_alert_4977,8
tool,tool.close_bank_account_7392,literal,close_bank_account_7392,terminate_bank_account_8736,39
tool,tool.close_credit_card_account_7834,literal,close_credit_card_account_7834,terminate_credit_card_account_9797,11
tool,tool.close_debit_card_4721,literal,close_debit_card_4721,terminate_debit_card_9015,70
tool,tool.deny_credit_limit_increase_5848,literal,deny_credit_limit_increase_5848,decline_credit_limit_increase_4249,11
tool,tool.emergency_credit_bureau_incident_transfer_1114,literal,emergency_credit_bureau_incident_transfer_1114,urgent_credit_bureau_incident_transfer_4949,9
tool,tool.example_agent_tool_0000,literal,example_agent_tool_0000,sample_agent_tool_2016,1
tool,tool.file_credit_card_transaction_dispute_4829,literal,file_credit_card_transaction_dispute_4829,submit_credit_card_transaction_dispute_3824,121
tool,tool.file_debit_card_transaction_dispute_6281,literal,file_debit_card_transaction_dispute_6281,submit_debit_card_transaction_dispute_1998,64
tool,tool.freeze_debit_card_3892,literal,freeze_debit_card_3892,suspend_debit_card_8451,41
tool,tool.get_all_user_accounts_by_user_id_3847,literal,get_all_user_accounts_by_user_id_3847,fetch_all_user_accounts_by_user_id_6061,167
tool,tool.get_atm_deposit_images_8473,literal,get_atm_deposit_images_8473,fetch_atm_deposit_images_8927,2
tool,tool.get_bank_account_transactions_9173,literal,get_bank_account_transactions_9173,fetch_bank_account_transactions_1149,163
tool,tool.get_closure_reason_history_8293,literal,get_closure_reason_history_8293,fetch_closure_reason_history_1661,44
tool,tool.get_credit_card_accounts_by_user,literal,get_credit_card_accounts_by_user,fetch_credit_card_accounts_by_user,9
tool,tool.get_credit_card_transactions_by_user,literal,get_credit_card_transactions_by_user,fetch_credit_card_transactions_by_user,1
tool,tool.get_credit_limit_increase_history_4829,literal,get_credit_limit_increase_history_4829,fetch_credit_limit_increase_history_3186,24
tool,tool.get_current_time,literal,get_current_time,fetch_current_time,4
tool,tool.get_debit_cards_by_account_id_7823,literal,get_debit_cards_by_account_id_7823,fetch_debit_cards_by_account_id_2530,111
tool,tool.get_debit_dispute_status_7483,literal,get_debit_dispute_status_7483,fetch_debit_dispute_status_1598,18
tool,tool.get_payment_history_6183,literal,get_payment_history_6183,fetch_payment_history_3931,23
tool,tool.get_pending_replacement_orders_5765,literal,get_pending_replacement_orders_5765,fetch_pending_replacement_orders_3093,65
tool,tool.get_referrals_by_user,literal,get_referrals_by_user,fetch_referrals_by_user,9
tool,tool.get_user_dispute_history_7291,literal,get_user_dispute_history_7291,fetch_user_dispute_history_9194,76
tool,tool.get_user_information_by_email,literal,get_user_information_by_email,fetch_user_information_by_email,1
tool,tool.get_user_information_by_id,literal,get_user_information_by_id,fetch_user_information_by_id,2
tool,tool.get_user_information_by_name,literal,get_user_information_by_name,fetch_user_information_by_name,1
tool,tool.initial_transfer_to_human_agent_0218,literal,initial_transfer_to_human_agent_0218,first_transfer_to_human_agent_8819,23
tool,tool.initial_transfer_to_human_agent_1822,literal,initial_transfer_to_human_agent_1822,first_transfer_to_human_agent_2867,11
tool,tool.log_credit_card_closure_reason_4521,literal,log_credit_card_closure_reason_4521,record_credit_card_closure_reason_8115,38
tool,tool.log_verification,literal,log_verification,record_verification,170
tool,tool.open_bank_account_4821,literal,open_bank_account_4821,create_bank_account_9823,103
tool,tool.order_debit_card_5739,literal,order_debit_card_5739,request_debit_card_7006,57
tool,tool.order_replacement_credit_card_7291,literal,order_replacement_credit_card_7291,request_replacement_credit_card_9155,44
tool,tool.pay_credit_card_from_checking_9182,literal,pay_credit_card_from_checking_9182,settle_credit_card_from_checking_1932,22
tool,tool.request_temporary_debit_card_limit_increase_8374,literal,request_temporary_debit_card_limit_increase_8374,ask_temporary_debit_card_limit_increase_2610,6
tool,tool.reset_debit_card_pin_6284,literal,reset_debit_card_pin_6284,clear_debit_card_pin_4802,18
tool,tool.set_debit_card_recurring_block_7382,literal,set_debit_card_recurring_block_7382,assign_debit_card_recurring_block_6141,2
tool,tool.submit_credit_limit_increase_request_7392,literal,submit_credit_limit_increase_request_7392,file_credit_limit_increase_request_5612,26
tool,tool.submit_interest_discrepancy_report_7294,literal,submit_interest_discrepancy_report_7294,file_interest_discrepancy_report_6583,33
tool,tool.transfer_funds_between_bank_accounts_7291,literal,transfer_funds_between_bank_accounts_7291,move_funds_between_bank_accounts_4365,25
tool,tool.unfreeze_debit_card_3893,literal,unfreeze_debit_card_3893,resume_debit_card_8109,44
tool,tool.update_transaction_rewards_3847,literal,update_transaction_rewards_3847,revise_transaction_rewards_3988,28
tool,tool.apply_for_credit_card,literal,apply_for_credit_card,request_for_credit_card,177
tool,tool.deposit_check_3847,literal,deposit_check_3847,lodge_check_5388,26
tool,tool.get_card_last_4_digits,literal,get_card_last_4_digits,fetch_card_last_4_digits,45
tool,tool.get_referral_link,literal,get_referral_link,fetch_referral_link,9
tool,tool.submit_cash_back_dispute_0589,literal,submit_cash_back_dispute_0589,file_cash_back_dispute_9368,121
tool,tool.submit_referral,literal,submit_referral,file_referral,49
tool,tool.submit_transaction,literal,submit_transaction,file_transaction,9
